{
  "config": {
    "sample_size": 100,
    "top_k": 20,
    "candidate_k": 50,
    "batch_size": 5,
    "parallel_sessions": 4,
    "total_memories": 11794,
    "total_queries": 577,
    "llm_method": "Coze session (own large model)"
  },
  "tfidf_top20": {
    "total": 100,
    "precision_sum": 49.09999999999998,
    "recall_sum": 81.48191107138473,
    "mrr_sum": 85.93333333333334,
    "by_type": {
      "人物检索": {
        "total": 28,
        "precision_sum": 18.750000000000004,
        "recall_sum": 25.273376623376624,
        "mrr_sum": 26.333333333333336,
        "avg_precision": 0.6696428571428573,
        "avg_recall": 0.9026205936920223,
        "avg_mrr": 0.9404761904761906
      },
      "地点检索": {
        "total": 31,
        "precision_sum": 12.350000000000005,
        "recall_sum": 23.73673957621326,
        "mrr_sum": 27.183333333333334,
        "avg_precision": 0.3983870967741937,
        "avg_recall": 0.7657012766520407,
        "avg_mrr": 0.8768817204301075
      },
      "时间检索": {
        "total": 2,
        "precision_sum": 1.2,
        "recall_sum": 1.85,
        "mrr_sum": 0.75,
        "avg_precision": 0.6,
        "avg_recall": 0.925,
        "avg_mrr": 0.375
      },
      "事件检索": {
        "total": 34,
        "precision_sum": 14.25,
        "recall_sum": 28.071794871794868,
        "mrr_sum": 28.666666666666664,
        "avg_precision": 0.41911764705882354,
        "avg_recall": 0.8256410256410255,
        "avg_mrr": 0.8431372549019607
      },
      "组合检索": {
        "total": 5,
        "precision_sum": 2.55,
        "recall_sum": 2.55,
        "mrr_sum": 3.0,
        "avg_precision": 0.51,
        "avg_recall": 0.51,
        "avg_mrr": 0.6
      }
    },
    "by_novel": {
      "三国演义": {
        "total": 59,
        "precision_sum": 24.799999999999994,
        "recall_sum": 47.85030378977748,
        "mrr_sum": 49.516666666666666,
        "avg_precision": 0.4203389830508473,
        "avg_recall": 0.8110220981318217,
        "avg_mrr": 0.8392655367231638
      },
      "水浒传": {
        "total": 18,
        "precision_sum": 10.800000000000002,
        "recall_sum": 15.527350427350429,
        "mrr_sum": 16.833333333333332,
        "avg_precision": 0.6000000000000001,
        "avg_recall": 0.8626305792972461,
        "avg_mrr": 0.9351851851851851
      },
      "红楼梦": {
        "total": 14,
        "precision_sum": 8.750000000000002,
        "recall_sum": 11.083333333333334,
        "mrr_sum": 11.25,
        "avg_precision": 0.6250000000000001,
        "avg_recall": 0.7916666666666667,
        "avg_mrr": 0.8035714285714286
      },
      "西游记": {
        "total": 9,
        "precision_sum": 4.75,
        "recall_sum": 7.020923520923521,
        "mrr_sum": 8.333333333333334,
        "avg_precision": 0.5277777777777778,
        "avg_recall": 0.7801026134359468,
        "avg_mrr": 0.925925925925926
      }
    },
    "avg_precision": 0.4909999999999998,
    "avg_recall": 0.8148191107138473,
    "avg_mrr": 0.8593333333333334
  },
  "llm_rerank": {
    "total": 100,
    "precision_sum": 86.99166666666667,
    "recall_sum": 84.85657500394343,
    "mrr_sum": 92.33333333333333,
    "by_type": {
      "人物检索": {
        "total": 28,
        "precision_sum": 25.35,
        "recall_sum": 24.523376623376624,
        "mrr_sum": 27.0,
        "avg_precision": 0.9053571428571429,
        "avg_recall": 0.875834879406308,
        "avg_mrr": 0.9642857142857143
      },
      "地点检索": {
        "total": 31,
        "precision_sum": 28.76666666666667,
        "recall_sum": 27.35584795321637,
        "mrr_sum": 30.0,
        "avg_precision": 0.927956989247312,
        "avg_recall": 0.88244670816827,
        "avg_mrr": 0.967741935483871
      },
      "时间检索": {
        "total": 2,
        "precision_sum": 1.875,
        "recall_sum": 2.0,
        "mrr_sum": 2.0,
        "avg_precision": 0.9375,
        "avg_recall": 1.0,
        "avg_mrr": 1.0
      },
      "事件检索": {
        "total": 34,
        "precision_sum": 27.5,
        "recall_sum": 27.477350427350427,
        "mrr_sum": 29.333333333333332,
        "avg_precision": 0.8088235294117647,
        "avg_recall": 0.8081573655103067,
        "avg_mrr": 0.8627450980392156
      },
      "组合检索": {
        "total": 5,
        "precision_sum": 3.5,
        "recall_sum": 3.5,
        "mrr_sum": 4.0,
        "avg_precision": 0.7,
        "avg_recall": 0.7,
        "avg_mrr": 0.8
      }
    },
    "by_novel": {
      "三国演义": {
        "total": 59,
        "precision_sum": 49.941666666666656,
        "recall_sum": 48.43478013214855,
        "mrr_sum": 53.0,
        "avg_precision": 0.8464689265536721,
        "avg_recall": 0.8209284768160772,
        "avg_mrr": 0.8983050847457628
      },
      "水浒传": {
        "total": 18,
        "precision_sum": 16.25,
        "recall_sum": 15.67735042735043,
        "mrr_sum": 18.0,
        "avg_precision": 0.9027777777777778,
        "avg_recall": 0.8709639126305794,
        "avg_mrr": 1.0
      },
      "红楼梦": {
        "total": 14,
        "precision_sum": 11.9,
        "recall_sum": 11.9,
        "mrr_sum": 13.0,
        "avg_precision": 0.85,
        "avg_recall": 0.85,
        "avg_mrr": 0.9285714285714286
      },
      "西游记": {
        "total": 9,
        "precision_sum": 8.9,
        "recall_sum": 8.844444444444445,
        "mrr_sum": 8.333333333333334,
        "avg_precision": 0.9888888888888889,
        "avg_recall": 0.9827160493827161,
        "avg_mrr": 0.925925925925926
      }
    },
    "avg_precision": 0.8699166666666668,
    "avg_recall": 0.8485657500394344,
    "avg_mrr": 0.9233333333333333
  }
}