{
  "config": {
    "sample_size": 100,
    "candidate_k": 50,
    "k_values": [
      5,
      10,
      15,
      20
    ],
    "total_memories": 11794,
    "total_queries": 577
  },
  "results": {
    "tfidf": {
      "5": {
        "precision": 0.7259999999999996,
        "recall": 0.7589999999999998,
        "mrr": 0.8583333333333334
      },
      "10": {
        "precision": 0.6189999999999997,
        "recall": 0.7563968253968254,
        "mrr": 0.8593333333333334
      },
      "15": {
        "precision": 0.544666666666667,
        "recall": 0.785571484071484,
        "mrr": 0.8593333333333334
      },
      "20": {
        "precision": 0.4909999999999998,
        "recall": 0.8148191107138473,
        "mrr": 0.8593333333333334
      }
    },
    "llm_rerank": {
      "5": {
        "precision": 0.8339999999999996,
        "recall": 0.8669999999999998,
        "mrr": 0.9108333333333333
      },
      "10": {
        "precision": 0.6969999999999996,
        "recall": 0.8393650793650792,
        "mrr": 0.9108333333333333
      },
      "15": {
        "precision": 0.598666666666667,
        "recall": 0.8470967365967365,
        "mrr": 0.9108333333333333
      },
      "20": {
        "precision": 0.5259999999999998,
        "recall": 0.8549972074708916,
        "mrr": 0.9108333333333333
      }
    }
  }
}